"Origin Movement ID","Origin Display Name","Destination Movement ID","Destination Display Name","Date Range","Mean Travel Time (Seconds)","Range - Lower Bound Travel Time (Seconds)","Range - Upper Bound Travel Time (Seconds)"
"186","20001, Northwest Washington, Washington","1","5400 Arnold Avenue Southwest, Southwest Washington, Washington","1/1/2018 - 1/31/2018, Every day, Daily Average",819,554,1209
"186","20001, Northwest Washington, Washington","2","1400 Juniper Street Northwest, Northwest Washington, Washington","1/1/2018 - 1/31/2018, Every day, Daily Average",1677,1330,2113
"186","20001, Northwest Washington, Washington","3","4800 Canal Road Northwest, Northwest Washington, Washington","1/1/2018 - 1/31/2018, Every day, Daily Average",1319,968,1795
"186","20001, Northwest Washington, Washington","4","2700 Unicorn Lane Northwest, Northwest Washington, Washington","1/1/2018 - 1/31/2018, Every day, Daily Average",1720,1388,2130
"186","20001, Northwest Washington, Washington","5","4500 Q Place Northwest, Northwest Washington, Washington","1/1/2018 - 1/31/2018, Every day, Daily Average",1057,767,1454
"186","20001, Northwest Washington, Washington","6","Ridge Road Northwest, Northwest Washington, Washington","1/1/2018 - 1/31/2018, Every day, Daily Average",1440,1121,1849
"186","20001, Northwest Washington, Washington","7","4500 Ohio Drive Southwest, Southwest Washington, Washington","1/1/2018 - 1/31/2018, Every day, Daily Average",284,143,563
"186","20001, Northwest Washington, Washington","8","0 H Street Northwest, Northwest Washington, Washington","1/1/2018 - 1/31/2018, Every day, Daily Average",208,88,487
"186","20001, Northwest Washington, Washington","9","1800 Upshur Street Northwest, Northwest Washington, Washington","1/1/2018 - 1/31/2018, Every day, Daily Average",1216,922,1602
"186","20001, Northwest Washington, Washington","10","1500 30th Street Northwest, Northwest Washington, Washington","1/1/2018 - 1/31/2018, Every day, Daily Average",748,503,1111
"186","20001, Northwest Washington, Washington","11","1600 Tuckerman Street Northwest, Northwest Washington, Washington","1/1/2018 - 1/31/2018, Every day, Daily Average",1489,1164,1904
"186","20001, Northwest Washington, Washington","12","8000 Poplar Hill Drive, Clinton","1/1/2018 - 1/31/2018, Every day, Daily Average",1917,1503,2444
"186","20001, Northwest Washington, Washington","13","2100 Monticello Court, Fort Washington","1/1/2018 - 1/31/2018, Every day, Daily Average",1770,1223,2560
"186","20001, Northwest Washington, Washington","14","0 Hesketh Street, Chevy Chase","1/1/2018 - 1/31/2018, Every day, Daily Average",1712,1367,2143
"186","20001, Northwest Washington, Washington","15","8100 Roanoke Avenue, Takoma Park","1/1/2018 - 1/31/2018, Every day, Daily Average",2054,1607,2624
"186","20001, Northwest Washington, Washington","16","8800 Walden Road, Silver Spring","1/1/2018 - 1/31/2018, Every day, Daily Average",2125,1697,2660
"186","20001, Northwest Washington, Washington","17","8300 Colesville Road, Downtown Silver Spring, Silver Spring","1/1/2018 - 1/31/2018, Every day, Daily Average",1788,1437,2223
"186","20001, Northwest Washington, Washington","18","8900 Moreland Lane, Annandale","1/1/2018 - 1/31/2018, Every day, Daily Average",1498,1148,1953
"186","20001, Northwest Washington, Washington","19","Thomas Avenue, Arlington","1/1/2018 - 1/31/2018, Every day, Daily Average",605,431,847
"186","20001, Northwest Washington, Washington","20","McClellan Drive, Arlington","1/1/2018 - 1/31/2018, Every day, Daily Average",510,331,783
"186","20001, Northwest Washington, Washington","21","3600 North Vernon Street, Old Glebe, Arlington","1/1/2018 - 1/31/2018, Every day, Daily Average",994,745,1324
"186","20001, Northwest Washington, Washington","22","6500 Park View Court, West Springfield","1/1/2018 - 1/31/2018, Every day, Daily Average",1636,1254,2132
"186","20001, Northwest Washington, Washington","23","6500 Bellamine Court, McLean","1/1/2018 - 1/31/2018, Every day, Daily Average",1159,910,1475
"186","20001, Northwest Washington, Washington","24","8600 Brook Road, McLean","1/1/2018 - 1/31/2018, Every day, Daily Average",1584,1239,2024
"186","20001, Northwest Washington, Washington","25","8200 Mockingbird Drive, Annandale","1/1/2018 - 1/31/2018, Every day, Daily Average",1516,1119,2052
"186","20001, Northwest Washington, Washington","26","9400 Pamlico Lane, Great Falls","1/1/2018 - 1/31/2018, Every day, Daily Average",1419,1097,1834
"186","20001, Northwest Washington, Washington","27","6200 Everglades Drive, Alexandria","1/1/2018 - 1/31/2018, Every day, Daily Average",1319,940,1850
"186","20001, Northwest Washington, Washington","28","2100 North Scott Street, North Highland, Arlington","1/1/2018 - 1/31/2018, Every day, Daily Average",753,536,1056
"186","20001, Northwest Washington, Washington","29","700 Carpenter Road, Potomac Yard, Alexandria","1/1/2018 - 1/31/2018, Every day, Daily Average",821,594,1133
"186","20001, Northwest Washington, Washington","30","0 Auburn Court, Potomac West, Alexandria","1/1/2018 - 1/31/2018, Every day, Daily Average",1014,727,1413
"186","20001, Northwest Washington, Washington","31","1000 C Street Northeast, Northeast Washington, Washington","1/1/2018 - 1/31/2018, Every day, Daily Average",738,549,991
"186","20001, Northwest Washington, Washington","32","2600 13th Street Northwest, Northwest Washington, Washington","1/1/2018 - 1/31/2018, Every day, Daily Average",765,549,1065
"186","20001, Northwest Washington, Washington","33","4400 E Street Southeast, Benning Ridge, Washington","1/1/2018 - 1/31/2018, Every day, Daily Average",1444,1042,2000
"186","20001, Northwest Washington, Washington","34","1700 Independence Avenue Southeast, Southeast Washington, Washington","1/1/2018 - 1/31/2018, Every day, Daily Average",1023,767,1363
"186","20001, Northwest Washington, Washington","35","2100 1st Street Northwest, Northwest Washington, Washington","1/1/2018 - 1/31/2018, Every day, Daily Average",764,538,1083
"186","20001, Northwest Washington, Washington","36","500 17th Street Northeast, Northeast Washington, Washington","1/1/2018 - 1/31/2018, Every day, Daily Average",993,740,1332
"186","20001, Northwest Washington, Washington","37","3500 Toledo Terrace, Chillum","1/1/2018 - 1/31/2018, Every day, Daily Average",1976,1573,2481
"186","20001, Northwest Washington, Washington","38","5300 Westport Road, Chevy Chase","1/1/2018 - 1/31/2018, Every day, Daily Average",1688,1335,2133
"186","20001, Northwest Washington, Washington","39","Woodrow Wilson Memorial Bridge, Old Town, Alexandria","1/1/2018 - 1/31/2018, Every day, Daily Average",1136,862,1496
"186","20001, Northwest Washington, Washington","40","6000 Rixey Drive, Fair Haven, Alexandria","1/1/2018 - 1/31/2018, Every day, Daily Average",1415,1036,1932
"186","20001, Northwest Washington, Washington","41","2000 Rosedale Street Northeast, Northeast Washington, Washington","1/1/2018 - 1/31/2018, Every day, Daily Average",1120,849,1476
"186","20001, Northwest Washington, Washington","42","4200 10th Street Northeast, Northeast Washington, Washington","1/1/2018 - 1/31/2018, Every day, Daily Average",1160,862,1560
"186","20001, Northwest Washington, Washington","43","900 Randolph Street Northwest, Northwest Washington, Washington","1/1/2018 - 1/31/2018, Every day, Daily Average",1122,831,1514
"186","20001, Northwest Washington, Washington","44","1200 New Jersey Avenue Southeast, Southeast Washington, Washington","1/1/2018 - 1/31/2018, Every day, Daily Average",512,341,768
"186","20001, Northwest Washington, Washington","45","0 L Place Northwest, Northwest Washington, Washington","1/1/2018 - 1/31/2018, Every day, Daily Average",221,88,551
"186","20001, Northwest Washington, Washington","46","1900 Anacostia Drive, Southeast Washington, Washington","1/1/2018 - 1/31/2018, Every day, Daily Average",750,516,1088
"186","20001, Northwest Washington, Washington","47","0 S Street Northwest, Northwest Washington, Washington","1/1/2018 - 1/31/2018, Every day, Daily Average",646,452,922
"186","20001, Northwest Washington, Washington","48","3500 Commodore Joshua Barney Drive Northeast, Northeast Washington, Washington","1/1/2018 - 1/31/2018, Every day, Daily Average",1125,758,1667
"186","20001, Northwest Washington, Washington","49","2700 10th Street Northeast, Northeast Washington, Washington","1/1/2018 - 1/31/2018, Every day, Daily Average",1048,770,1426
"186","20001, Northwest Washington, Washington","50","5700 Chevy Chase Parkway Northwest, Northwest Washington, Washington","1/1/2018 - 1/31/2018, Every day, Daily Average",1643,1318,2048
"186","20001, Northwest Washington, Washington","51","1300 Underwood Street Northwest, Northwest Washington, Washington","1/1/2018 - 1/31/2018, Every day, Daily Average",1546,1193,2003
"186","20001, Northwest Washington, Washington","52","200 Quackenbos Street Northwest, Northwest Washington, Washington","1/1/2018 - 1/31/2018, Every day, Daily Average",1411,1063,1871
"186","20001, Northwest Washington, Washington","53","600 Atlantic Street Southeast, Southeast Washington, Washington","1/1/2018 - 1/31/2018, Every day, Daily Average",1218,880,1684
"186","20001, Northwest Washington, Washington","54","3300 Clay Street Northeast, Northeast Washington, Washington","1/1/2018 - 1/31/2018, Every day, Daily Average",920,632,1338
"186","20001, Northwest Washington, Washington","55","500 Q Street Northwest, Northwest Washington, Washington","1/1/2018 - 1/31/2018, Every day, Daily Average",435,270,699
"186","20001, Northwest Washington, Washington","56","Center Leg Freeway, Southwest Washington, Washington","1/1/2018 - 1/31/2018, Every day, Daily Average",419,274,640
"186","20001, Northwest Washington, Washington","57","600 Edgewood Street Northeast, Northeast Washington, Washington","1/1/2018 - 1/31/2018, Every day, Daily Average",862,626,1185
"186","20001, Northwest Washington, Washington","58","3100 13th Street Northwest, Northwest Washington, Washington","1/1/2018 - 1/31/2018, Every day, Daily Average",931,681,1271
"186","20001, Northwest Washington, Washington","59","2800 45th Street Northwest, Northwest Washington, Washington","1/1/2018 - 1/31/2018, Every day, Daily Average",1234,925,1644
"186","20001, Northwest Washington, Washington","60","3200 Dubois Place Southeast, Southeast Washington, Washington","1/1/2018 - 1/31/2018, Every day, Daily Average",894,600,1330
"186","20001, Northwest Washington, Washington","61","1400 15th Street Northwest, Northwest Washington, Washington","1/1/2018 - 1/31/2018, Every day, Daily Average",398,249,635
"186","20001, Northwest Washington, Washington","62","1800 W Street Southeast, Southeast Washington, Washington","1/1/2018 - 1/31/2018, Every day, Daily Average",1118,791,1579
"186","20001, Northwest Washington, Washington","63","4400 40th Street, Brentwood","1/1/2018 - 1/31/2018, Every day, Daily Average",1537,1180,2000
"186","20001, Northwest Washington, Washington","64","1800 Ontario Place Northwest, Northwest Washington, Washington","1/1/2018 - 1/31/2018, Every day, Daily Average",1040,767,1408
"186","20001, Northwest Washington, Washington","65","1900 15th Street Northwest, Northwest Washington, Washington","1/1/2018 - 1/31/2018, Every day, Daily Average",607,420,877
"186","20001, Northwest Washington, Washington","66","1400 K Street Northwest, Northwest Washington, Washington","1/1/2018 - 1/31/2018, Every day, Daily Average",201,90,447
"186","20001, Northwest Washington, Washington","67","900 Q Street Northwest, Northwest Washington, Washington","1/1/2018 - 1/31/2018, Every day, Daily Average",431,275,674
"186","20001, Northwest Washington, Washington","68","8800 Springfield Road, Laurel","1/1/2018 - 1/31/2018, Every day, Daily Average",1644,1243,2173
"186","20001, Northwest Washington, Washington","69","12500 Farm Road, Greater Upper Marlboro, Upper Marlboro","1/1/2018 - 1/31/2018, Every day, Daily Average",1875,1432,2454
"186","20001, Northwest Washington, Washington","70","3600 Anton Terrace, District Heights","1/1/2018 - 1/31/2018, Every day, Daily Average",1680,1265,2230
"186","20001, Northwest Washington, Washington","71","5600 Somerset House II, Wisconsin Avenue, Chevy Chase","1/1/2018 - 1/31/2018, Every day, Daily Average",1731,1372,2183
"186","20001, Northwest Washington, Washington","72","4900 Hampden Lane, Bethesda","1/1/2018 - 1/31/2018, Every day, Daily Average",1934,1570,2381
"186","20001, Northwest Washington, Washington","73","3300 Chillum Road, Mount Rainier","1/1/2018 - 1/31/2018, Every day, Daily Average",1477,1150,1895
"186","20001, Northwest Washington, Washington","74","11100 Rodeo Court, Upper Marlboro","1/1/2018 - 1/31/2018, Every day, Daily Average",1861,1379,2510
"186","20001, Northwest Washington, Washington","75","4900 Blackfoot Road, Hollywood, College Park","1/1/2018 - 1/31/2018, Every day, Daily Average",2009,1538,2623
"186","20001, Northwest Washington, Washington","76","7300 16th Place, Hyattsville","1/1/2018 - 1/31/2018, Every day, Daily Average",1918,1518,2422
"186","20001, Northwest Washington, Washington","77","3200 Donnell Drive, Forestville","1/1/2018 - 1/31/2018, Every day, Daily Average",1582,1154,2167
"186","20001, Northwest Washington, Washington","78","5000 Roseld Court, Oxon Hill","1/1/2018 - 1/31/2018, Every day, Daily Average",1403,1010,1947
"186","20001, Northwest Washington, Washington","79","2200 Washington Avenue, Silver Spring","1/1/2018 - 1/31/2018, Every day, Daily Average",1978,1581,2473
"186","20001, Northwest Washington, Washington","80","3100 West Avenue, District Heights","1/1/2018 - 1/31/2018, Every day, Daily Average",1600,1181,2167
"186","20001, Northwest Washington, Washington","81","1600 Nova Avenue, Capitol Heights","1/1/2018 - 1/31/2018, Every day, Daily Average",1331,958,1849
"186","20001, Northwest Washington, Washington","82","2000 South Eads Street, Crystal City, Arlington","1/1/2018 - 1/31/2018, Every day, Daily Average",686,461,1020
"186","20001, Northwest Washington, Washington","83","500 Ethan Allen Avenue, Takoma Park","1/1/2018 - 1/31/2018, Every day, Daily Average",1609,1218,2123
"186","20001, Northwest Washington, Washington","84","7700 Oxman Road, Hyattsville","1/1/2018 - 1/31/2018, Every day, Daily Average",1716,1244,2365
"186","20001, Northwest Washington, Washington","85","100 Lakeside Drive, Greenbelt","1/1/2018 - 1/31/2018, Every day, Daily Average",1536,1163,2027
"186","20001, Northwest Washington, Washington","86","9100 Fairview Road, Silver Spring","1/1/2018 - 1/31/2018, Every day, Daily Average",2095,1675,2618
"186","20001, Northwest Washington, Washington","87","7600 Greenbrook Drive, Greenbelt","1/1/2018 - 1/31/2018, Every day, Daily Average",1454,1101,1919
"186","20001, Northwest Washington, Washington","88","5000 Newport Avenue, Bethesda","1/1/2018 - 1/31/2018, Every day, Daily Average",1549,1211,1981
"186","20001, Northwest Washington, Washington","89","10000 Oaklyn Drive, Potomac","1/1/2018 - 1/31/2018, Every day, Daily Average",1432,1130,1814
"186","20001, Northwest Washington, Washington","90","11400 Macarthur Boulevard Northwest, Potomac","1/1/2018 - 1/31/2018, Every day, Daily Average",1398,1070,1825
"186","20001, Northwest Washington, Washington","91","6400 Walhonding Road, Bethesda","1/1/2018 - 1/31/2018, Every day, Daily Average",1379,1094,1737
"186","20001, Northwest Washington, Washington","92","3100 North Nelson Street, Bellevue Forest, Arlington","1/1/2018 - 1/31/2018, Every day, Daily Average",859,632,1166
"186","20001, Northwest Washington, Washington","93","6400 Vale Street, Alexandria","1/1/2018 - 1/31/2018, Every day, Daily Average",1142,824,1581
"186","20001, Northwest Washington, Washington","94","6300 8th Circle, Alexandria","1/1/2018 - 1/31/2018, Every day, Daily Average",1006,734,1377
"186","20001, Northwest Washington, Washington","95","1800 South Stafford Street, Douglas Park, Arlington","1/1/2018 - 1/31/2018, Every day, Daily Average",1014,704,1459
"186","20001, Northwest Washington, Washington","96","7300 Beverly Street, Annandale","1/1/2018 - 1/31/2018, Every day, Daily Average",1567,1110,2211
"186","20001, Northwest Washington, Washington","97","5500 Jowett Court, Alexandria","1/1/2018 - 1/31/2018, Every day, Daily Average",1494,1173,1902
"186","20001, Northwest Washington, Washington","98","1600 13th Road South, Arlington Views, Arlington","1/1/2018 - 1/31/2018, Every day, Daily Average",584,400,851
"186","20001, Northwest Washington, Washington","99","3800 Pinewood Terrace, Falls Church","1/1/2018 - 1/31/2018, Every day, Daily Average",1607,1209,2134
"186","20001, Northwest Washington, Washington","100","1200 Oronoco Street, Old Town West, Alexandria","1/1/2018 - 1/31/2018, Every day, Daily Average",994,733,1346
"186","20001, Northwest Washington, Washington","101","100 South Fayette Street, Old Town, Alexandria","1/1/2018 - 1/31/2018, Every day, Daily Average",1108,829,1479
"186","20001, Northwest Washington, Washington","102","3700 South George Mason Drive, Falls Church","1/1/2018 - 1/31/2018, Every day, Daily Average",1088,773,1531
"186","20001, Northwest Washington, Washington","103","600 South Ball Street, Crystal City, Arlington","1/1/2018 - 1/31/2018, Every day, Daily Average",539,354,819
"186","20001, Northwest Washington, Washington","104","2500 Jackson Parkway, Vienna","1/1/2018 - 1/31/2018, Every day, Daily Average",1464,1116,1919
"186","20001, Northwest Washington, Washington","105","Dwight D. Eisenhower Southwest Freeway, Southwest Washington, Washington","1/1/2018 - 1/31/2018, Every day, Daily Average",330,202,536
"186","20001, Northwest Washington, Washington","106","5800 Cameron Run Terrace, Alexandria","1/1/2018 - 1/31/2018, Every day, Daily Average",1326,996,1763
"186","20001, Northwest Washington, Washington","107","4000 Ellicott Street, Seminary Hill, Alexandria","1/1/2018 - 1/31/2018, Every day, Daily Average",828,583,1174
"186","20001, Northwest Washington, Washington","108","100 57th Place Southeast, Southeast Washington, Washington","1/1/2018 - 1/31/2018, Every day, Daily Average",1539,1179,2008
"186","20001, Northwest Washington, Washington","109","7200 Wesley Road, Springfield","1/1/2018 - 1/31/2018, Every day, Daily Average",1251,938,1667
"186","20001, Northwest Washington, Washington","110","800 West Braddock Road, Rosemont, Alexandria","1/1/2018 - 1/31/2018, Every day, Daily Average",1014,721,1424
"186","20001, Northwest Washington, Washington","111","Perimeter East Road Southwest, Southwest Washington, Washington","1/1/2018 - 1/31/2018, Every day, Daily Average",1004,707,1424
"186","20001, Northwest Washington, Washington","112","Willow Street Southeast, Southeast Washington, Washington","1/1/2018 - 1/31/2018, Every day, Daily Average",797,542,1169
"186","20001, Northwest Washington, Washington","113","400 50th Street Southeast, Southeast Washington, Washington","1/1/2018 - 1/31/2018, Every day, Daily Average",1488,1127,1962
"186","20001, Northwest Washington, Washington","114","5300 Call Place Southeast, Southeast Washington, Washington","1/1/2018 - 1/31/2018, Every day, Daily Average",1552,1185,2032
"186","20001, Northwest Washington, Washington","115","4700 B Street Southeast, Southeast Washington, Washington","1/1/2018 - 1/31/2018, Every day, Daily Average",1435,1087,1893
"186","20001, Northwest Washington, Washington","116","100 Jefferson Street Northwest, Northwest Washington, Washington","1/1/2018 - 1/31/2018, Every day, Daily Average",1298,962,1750
"186","20001, Northwest Washington, Washington","117","4800 Illinois Avenue Northwest, Northwest Washington, Washington","1/1/2018 - 1/31/2018, Every day, Daily Average",1264,953,1675
"186","20001, Northwest Washington, Washington","118","100 Emerson Street Northwest, Northwest Washington, Washington","1/1/2018 - 1/31/2018, Every day, Daily Average",1197,889,1611
"186","20001, Northwest Washington, Washington","119","200 10th Street Southeast, Southeast Washington, Washington","1/1/2018 - 1/31/2018, Every day, Daily Average",822,605,1115
"186","20001, Northwest Washington, Washington","120","300 Varnum Street Northwest, Northwest Washington, Washington","1/1/2018 - 1/31/2018, Every day, Daily Average",1215,914,1614
"186","20001, Northwest Washington, Washington","121","0 T Street Southwest, Southwest Washington, Washington","1/1/2018 - 1/31/2018, Every day, Daily Average",605,403,907
"186","20001, Northwest Washington, Washington","122","100 E Street Southeast, Southeast Washington, Washington","1/1/2018 - 1/31/2018, Every day, Daily Average",476,310,729
"186","20001, Northwest Washington, Washington","123","600 Independence Avenue Southeast, Southeast Washington, Washington","1/1/2018 - 1/31/2018, Every day, Daily Average",677,490,933
"186","20001, Northwest Washington, Washington","124","1400 4th Street Southwest, Southwest Washington, Washington","1/1/2018 - 1/31/2018, Every day, Daily Average",541,366,799
"186","20001, Northwest Washington, Washington","125","1600 D Street Southeast, Southeast Washington, Washington","1/1/2018 - 1/31/2018, Every day, Daily Average",858,620,1187
"186","20001, Northwest Washington, Washington","126","2300 Hartford Street Southeast, Southeast Washington, Washington","1/1/2018 - 1/31/2018, Every day, Daily Average",1316,911,1901
"186","20001, Northwest Washington, Washington","127","1300 E Street Northeast, Northeast Washington, Washington","1/1/2018 - 1/31/2018, Every day, Daily Average",876,660,1161
"186","20001, Northwest Washington, Washington","128","3500 19th Street Southeast, Southeast Washington, Washington","1/1/2018 - 1/31/2018, Every day, Daily Average",1315,912,1894
"186","20001, Northwest Washington, Washington","129","800 51st Street Northeast, Northeast Washington, Washington","1/1/2018 - 1/31/2018, Every day, Daily Average",1284,877,1877
"186","20001, Northwest Washington, Washington","130","3800 22nd Street Northeast, Northeast Washington, Washington","1/1/2018 - 1/31/2018, Every day, Daily Average",1324,1010,1734
"186","20001, Northwest Washington, Washington","131","200 Taylor Street Northeast, Northeast Washington, Washington","1/1/2018 - 1/31/2018, Every day, Daily Average",1043,766,1419
"186","20001, Northwest Washington, Washington","132","1600 Buchanan Street Northeast, Northeast Washington, Washington","1/1/2018 - 1/31/2018, Every day, Daily Average",1298,978,1722
"186","20001, Northwest Washington, Washington","133","200 Oneida Street Northeast, Northeast Washington, Washington","1/1/2018 - 1/31/2018, Every day, Daily Average",1351,1005,1814
"186","20001, Northwest Washington, Washington","134","1400 Allison Street Northwest, Northwest Washington, Washington","1/1/2018 - 1/31/2018, Every day, Daily Average",1222,924,1615
"186","20001, Northwest Washington, Washington","135","Scale Gate Road Northeast, Northwest Washington, Washington","1/1/2018 - 1/31/2018, Every day, Daily Average",946,682,1310
"186","20001, Northwest Washington, Washington","136","700 Taylor Street Northwest, Northwest Washington, Washington","1/1/2018 - 1/31/2018, Every day, Daily Average",1097,805,1493
"186","20001, Northwest Washington, Washington","137","1700 Willard Street Northwest, Northwest Washington, Washington","1/1/2018 - 1/31/2018, Every day, Daily Average",680,473,976
"186","20001, Northwest Washington, Washington","138","500 8th Street Southeast, Southeast Washington, Washington","1/1/2018 - 1/31/2018, Every day, Daily Average",594,399,883
"186","20001, Northwest Washington, Washington","139","1400 Southeast Boulevard, Southeast Washington, Washington","1/1/2018 - 1/31/2018, Every day, Daily Average",571,381,854
"186","20001, Northwest Washington, Washington","140","400 14th Street Southeast, Southeast Washington, Washington","1/1/2018 - 1/31/2018, Every day, Daily Average",762,541,1073
"186","20001, Northwest Washington, Washington","141","600 Nicholson Street Northeast, Northeast Washington, Washington","1/1/2018 - 1/31/2018, Every day, Daily Average",1502,1137,1982
"186","20001, Northwest Washington, Washington","142","100 Ingraham Street Northeast, Northeast Washington, Washington","1/1/2018 - 1/31/2018, Every day, Daily Average",1259,917,1727
"186","20001, Northwest Washington, Washington","143","800 Delafield Street Northeast, Northeast Washington, Washington","1/1/2018 - 1/31/2018, Every day, Daily Average",1430,1087,1879
"186","20001, Northwest Washington, Washington","144","1700 19th Street Northwest, Northwest Washington, Washington","1/1/2018 - 1/31/2018, Every day, Daily Average",674,474,957
"186","20001, Northwest Washington, Washington","145","1100 Varney Street Southeast, Southeast Washington, Washington","1/1/2018 - 1/31/2018, Every day, Daily Average",1420,1035,1947
"186","20001, Northwest Washington, Washington","146","3800 8th Street Southeast, Southeast Washington, Washington","1/1/2018 - 1/31/2018, Every day, Daily Average",1232,867,1749
"186","20001, Northwest Washington, Washington","147","3400 17th Street Northwest, Northwest Washington, Washington","1/1/2018 - 1/31/2018, Every day, Daily Average",1120,832,1506
"186","20001, Northwest Washington, Washington","148","1400 Ogden Street Northwest, Northwest Washington, Washington","1/1/2018 - 1/31/2018, Every day, Daily Average",1109,821,1497
"186","20001, Northwest Washington, Washington","149","1400 Irving Street Northwest, Northwest Washington, Washington","1/1/2018 - 1/31/2018, Every day, Daily Average",952,689,1314
"186","20001, Northwest Washington, Washington","150","1200 13th Street Northwest, Northwest Washington, Washington","1/1/2018 - 1/31/2018, Every day, Daily Average",302,177,512
"186","20001, Northwest Washington, Washington","151","100 3rd Street Northeast, Northeast Washington, Washington","1/1/2018 - 1/31/2018, Every day, Daily Average",546,390,763
"186","20001, Northwest Washington, Washington","152","600 Acker Place Northeast, Northeast Washington, Washington","1/1/2018 - 1/31/2018, Every day, Daily Average",662,486,900
"186","20001, Northwest Washington, Washington","153","900 10th Street Northeast, Northeast Washington, Washington","1/1/2018 - 1/31/2018, Every day, Daily Average",753,538,1052
"186","20001, Northwest Washington, Washington","154","200 M Street Northeast, Northeast Washington, Washington","1/1/2018 - 1/31/2018, Every day, Daily Average",511,334,781
"186","20001, Northwest Washington, Washington","155","100 T Street Northeast, Northeast Washington, Washington","1/1/2018 - 1/31/2018, Every day, Daily Average",701,491,998
"186","20001, Northwest Washington, Washington","156","100 13th Street Northeast, Northeast Washington, Washington","1/1/2018 - 1/31/2018, Every day, Daily Average",892,651,1222
"186","20001, Northwest Washington, Washington","157","300 U Street Northeast, Northeast Washington, Washington","1/1/2018 - 1/31/2018, Every day, Daily Average",661,410,1063
"186","20001, Northwest Washington, Washington","158","300 Burbank Street Southeast, Southeast Washington, Washington","1/1/2018 - 1/31/2018, Every day, Daily Average",1266,921,1740
"186","20001, Northwest Washington, Washington","159","1100 45th Place Southeast, Southeast Washington, Washington","1/1/2018 - 1/31/2018, Every day, Daily Average",1473,1084,2001
"186","20001, Northwest Washington, Washington","160","500 42nd Street Northeast, Northeast Washington, Washington","1/1/2018 - 1/31/2018, Every day, Daily Average",1234,856,1776
"186","20001, Northwest Washington, Washington","161","4900 Eads Place Northeast, Lincoln Heights, Washington","1/1/2018 - 1/31/2018, Every day, Daily Average",1338,933,1918
"186","20001, Northwest Washington, Washington","162","800 Washburn Arts Center, Florida Avenue Northeast, Northeast Washington, Washington","1/1/2018 - 1/31/2018, Every day, Daily Average",724,467,1122
"186","20001, Northwest Washington, Washington","163","1300 Mount Olivet Road Northeast, Northeast Washington, Washington","1/1/2018 - 1/31/2018, Every day, Daily Average",916,632,1326
"186","20001, Northwest Washington, Washington","164","1700 Lang Place Northeast, Northeast Washington, Washington","1/1/2018 - 1/31/2018, Every day, Daily Average",1028,755,1398
"186","20001, Northwest Washington, Washington","165","800 21st Street Northeast, Northeast Washington, Washington","1/1/2018 - 1/31/2018, Every day, Daily Average",1020,755,1377
"186","20001, Northwest Washington, Washington","166","1300 Orren Street Northeast, Northeast Washington, Washington","1/1/2018 - 1/31/2018, Every day, Daily Average",840,589,1197
"186","20001, Northwest Washington, Washington","167","4100 1st Street Southeast, Southeast Washington, Washington","1/1/2018 - 1/31/2018, Every day, Daily Average",1113,790,1567
"186","20001, Northwest Washington, Washington","168","1800 E Street Northeast, Northwest Washington, Washington","1/1/2018 - 1/31/2018, Every day, Daily Average",494,308,791
"186","20001, Northwest Washington, Washington","169","Meadow Road Northeast, Northeast Washington, Washington","1/1/2018 - 1/31/2018, Every day, Daily Average",1053,709,1562
"186","20001, Northwest Washington, Washington","170","900 Brentwood Road Northeast, Northeast Washington, Washington","1/1/2018 - 1/31/2018, Every day, Daily Average",846,533,1340
"186","20001, Northwest Washington, Washington","171","4200 4th Street Southeast, Southeast Washington, Washington","1/1/2018 - 1/31/2018, Every day, Daily Average",1273,905,1790
"186","20001, Northwest Washington, Washington","172","700 55th Street Northeast, Northeast Washington, Washington","1/1/2018 - 1/31/2018, Every day, Daily Average",1432,1016,2017
"186","20001, Northwest Washington, Washington","173","4500 45th Street Northwest, Northwest Washington, Washington","1/1/2018 - 1/31/2018, Every day, Daily Average",1432,1098,1866
"186","20001, Northwest Washington, Washington","174","Massachusetts-39th Trail, Northwest Washington, Washington","1/1/2018 - 1/31/2018, Every day, Daily Average",1243,944,1636
"186","20001, Northwest Washington, Washington","175","2100 Lincoln Road Northeast, Northeast Washington, Washington","1/1/2018 - 1/31/2018, Every day, Daily Average",768,544,1083
"186","20001, Northwest Washington, Washington","176","4800 Meade Street Northeast, Deanwood, Washington","1/1/2018 - 1/31/2018, Every day, Daily Average",1326,921,1907
"186","20001, Northwest Washington, Washington","177","6000 Clay Street Northeast, Northeast Washington, Washington","1/1/2018 - 1/31/2018, Every day, Daily Average",1558,1142,2124
"186","20001, Northwest Washington, Washington","178","3100 Chancellor's Way Northeast, Northeast Washington, Washington","1/1/2018 - 1/31/2018, Every day, Daily Average",971,701,1343
"186","20001, Northwest Washington, Washington","179","1500 Kearny Street Northeast, Northeast Washington, Washington","1/1/2018 - 1/31/2018, Every day, Daily Average",1170,871,1571
"186","20001, Northwest Washington, Washington","180","5100 39th Street Northwest, Northwest Washington, Washington","1/1/2018 - 1/31/2018, Every day, Daily Average",1518,1176,1958
"186","20001, Northwest Washington, Washington","181","400 Butternut Street Northwest, Northwest Washington, Washington","1/1/2018 - 1/31/2018, Every day, Daily Average",1561,1196,2036
"186","20001, Northwest Washington, Washington","182","3600 Alton Place Northwest, Northwest Washington, Washington","1/1/2018 - 1/31/2018, Every day, Daily Average",1344,1034,1745
"186","20001, Northwest Washington, Washington","183","3300 6th Street Southeast, Southeast Washington, Washington","1/1/2018 - 1/31/2018, Every day, Daily Average",1254,891,1763
"186","20001, Northwest Washington, Washington","184","700 Fern Place Northwest, Northwest Washington, Washington","1/1/2018 - 1/31/2018, Every day, Daily Average",1597,1253,2035
"186","20001, Northwest Washington, Washington","185","700 Quackenbos Street Northwest, Northwest Washington, Washington","1/1/2018 - 1/31/2018, Every day, Daily Average",1557,1202,2015
"186","20001, Northwest Washington, Washington","186","20001, Northwest Washington, Washington","1/1/2018 - 1/31/2018, Every day, Daily Average",209,102,425
"186","20001, Northwest Washington, Washington","187","1600 13th Street Northwest, Northwest Washington, Washington","1/1/2018 - 1/31/2018, Every day, Daily Average",475,325,693
"186","20001, Northwest Washington, Washington","188","4200 Martin Luther King Junior Avenue Southwest, Southwest Washington, Washington","1/1/2018 - 1/31/2018, Every day, Daily Average",895,630,1270
"186","20001, Northwest Washington, Washington","189","100 Wilmington Place Southeast, Southeast Washington, Washington","1/1/2018 - 1/31/2018, Every day, Daily Average",1057,747,1494
"186","20001, Northwest Washington, Washington","190","900 M Street Northwest, Northwest Washington, Washington","1/1/2018 - 1/31/2018, Every day, Daily Average",223,82,602
"186","20001, Northwest Washington, Washington","191","1300 Gallatin Street Northwest, Northwest Washington, Washington","1/1/2018 - 1/31/2018, Every day, Daily Average",1314,1002,1721
"186","20001, Northwest Washington, Washington","192","5400 8th Street Northwest, Northwest Washington, Washington","1/1/2018 - 1/31/2018, Every day, Daily Average",1399,1064,1838
"186","20001, Northwest Washington, Washington","193","3500 13th Street Northwest, Northwest Washington, Washington","1/1/2018 - 1/31/2018, Every day, Daily Average",1039,774,1393
"186","20001, Northwest Washington, Washington","194","700 Lamont Street Northwest, Northwest Washington, Washington","1/1/2018 - 1/31/2018, Every day, Daily Average",910,663,1247
"186","20001, Northwest Washington, Washington","195","500 Lamont Street Northwest, Northwest Washington, Washington","1/1/2018 - 1/31/2018, Every day, Daily Average",919,653,1292
"186","20001, Northwest Washington, Washington","196","2400 5th Street Northwest, Northwest Washington, Washington","1/1/2018 - 1/31/2018, Every day, Daily Average",611,416,895
"186","20001, Northwest Washington, Washington","197","2400 Sherman Avenue Northwest, Northwest Washington, Washington","1/1/2018 - 1/31/2018, Every day, Daily Average",699,492,991
"186","20001, Northwest Washington, Washington","198","0 Peluca Alley, Northwest Washington, Washington","1/1/2018 - 1/31/2018, Every day, Daily Average",757,536,1068
"186","20001, Northwest Washington, Washington","199","1700 Kalorama Road Northwest, Northwest Washington, Washington","1/1/2018 - 1/31/2018, Every day, Daily Average",838,593,1182
"186","20001, Northwest Washington, Washington","200","2400 20th Street Northwest, Northwest Washington, Washington","1/1/2018 - 1/31/2018, Every day, Daily Average",834,601,1157
"186","20001, Northwest Washington, Washington","201","1800 California Street Northwest, Northwest Washington, Washington","1/1/2018 - 1/31/2018, Every day, Daily Average",821,589,1143
"186","20001, Northwest Washington, Washington","202","1300 Talbert Terrace Southeast, Southeast Washington, Washington","1/1/2018 - 1/31/2018, Every day, Daily Average",1005,707,1426
"186","20001, Northwest Washington, Washington","203","1100 Connecticut Avenue Northwest, Northwest Washington, Washington","1/1/2018 - 1/31/2018, Every day, Daily Average",484,312,750
"186","20001, Northwest Washington, Washington","204","Rafik B. Hariri Building, Northwest Washington, Washington","1/1/2018 - 1/31/2018, Every day, Daily Average",1099,782,1544
"186","20001, Northwest Washington, Washington","205","4000 Highwood Court Northwest, Northwest Washington, Washington","1/1/2018 - 1/31/2018, Every day, Daily Average",1272,958,1687
"186","20001, Northwest Washington, Washington","206","0 Observatory Circle Northwest, Northwest Washington, Washington","1/1/2018 - 1/31/2018, Every day, Daily Average",1023,757,1380
"186","20001, Northwest Washington, Washington","207","4300 Ivymount Court, Annandale","1/1/2018 - 1/31/2018, Every day, Daily Average",1548,1129,2121
"186","20001, Northwest Washington, Washington","208","2800 Cathedral Avenue Northwest, Northwest Washington, Washington","1/1/2018 - 1/31/2018, Every day, Daily Average",1034,770,1387
"186","20001, Northwest Washington, Washington","209","1200 U Street Northwest, Northwest Washington, Washington","1/1/2018 - 1/31/2018, Every day, Daily Average",582,409,826
"186","20001, Northwest Washington, Washington","210","1400 1st Street Northwest, Northwest Washington, Washington","1/1/2018 - 1/31/2018, Every day, Daily Average",522,322,844
"186","20001, Northwest Washington, Washington","211","1200 5th Street Northwest, Northwest Washington, Washington","1/1/2018 - 1/31/2018, Every day, Daily Average",251,106,589
"186","20001, Northwest Washington, Washington","212","800 Howard Road Southeast, Southeast Washington, Washington","1/1/2018 - 1/31/2018, Every day, Daily Average",709,474,1060
"186","20001, Northwest Washington, Washington","213","2000 Savannah Terrace Southeast, Southeast Washington, Washington","1/1/2018 - 1/31/2018, Every day, Daily Average",1070,739,1549
"186","20001, Northwest Washington, Washington","214","3200 Highland Place Northwest, Northwest Washington, Washington","1/1/2018 - 1/31/2018, Every day, Daily Average",1186,894,1571
"186","20001, Northwest Washington, Washington","215","3800 Klingle Place Northwest, Northwest Washington, Washington","1/1/2018 - 1/31/2018, Every day, Daily Average",1153,866,1534
"186","20001, Northwest Washington, Washington","216","2600 39th Street Northwest, Northwest Washington, Washington","1/1/2018 - 1/31/2018, Every day, Daily Average",1283,955,1723
"186","20001, Northwest Washington, Washington","217","1500 Tobias Drive Southeast, Southeast Washington, Washington","1/1/2018 - 1/31/2018, Every day, Daily Average",962,653,1415
"186","20001, Northwest Washington, Washington","218","1700 Kenyon Street Northwest, Northwest Washington, Washington","1/1/2018 - 1/31/2018, Every day, Daily Average",1037,763,1409
"186","20001, Northwest Washington, Washington","219","Groff Court Northeast, Northeast Washington, Washington","1/1/2018 - 1/31/2018, Every day, Daily Average",588,412,837
"186","20001, Northwest Washington, Washington","220","1400 Mississippi Avenue Southeast, Southeast Washington, Washington","1/1/2018 - 1/31/2018, Every day, Daily Average",1315,934,1850
"186","20001, Northwest Washington, Washington","221","1400 18th Place Southeast, Southeast Washington, Washington","1/1/2018 - 1/31/2018, Every day, Daily Average",648,428,979
"186","20001, Northwest Washington, Washington","222","900 26th Street Northwest, Northwest Washington, Washington","1/1/2018 - 1/31/2018, Every day, Daily Average",714,509,1000
"186","20001, Northwest Washington, Washington","223","400 3rd Street Northwest, Northwest Washington, Washington","1/1/2018 - 1/31/2018, Every day, Daily Average",235,107,511
"186","20001, Northwest Washington, Washington","224","2400 Wagner Street Southeast, Southeast Washington, Washington","1/1/2018 - 1/31/2018, Every day, Daily Average",1234,867,1755
"186","20001, Northwest Washington, Washington","225","2200 Chester Street Southeast, Southeast Washington, Washington","1/1/2018 - 1/31/2018, Every day, Daily Average",983,665,1452
"186","20001, Northwest Washington, Washington","226","2800 Upton Street Northwest, Northwest Washington, Washington","1/1/2018 - 1/31/2018, Every day, Daily Average",1205,907,1599
"186","20001, Northwest Washington, Washington","227","2500 Pomeroy Road Southeast, Southeast Washington, Washington","1/1/2018 - 1/31/2018, Every day, Daily Average",1070,756,1512
"186","20001, Northwest Washington, Washington","228","1200 24th Street Northwest, Northwest Washington, Washington","1/1/2018 - 1/31/2018, Every day, Daily Average",681,480,966
"186","20001, Northwest Washington, Washington","229","3900 Clay Place Northeast, Northeast Washington, Washington","1/1/2018 - 1/31/2018, Every day, Daily Average",1346,1012,1788
"186","20001, Northwest Washington, Washington","230","0 Olmsted Walk, Northwest Washington, Washington","1/1/2018 - 1/31/2018, Every day, Daily Average",922,679,1251
"186","20001, Northwest Washington, Washington","231","4300 Russell Avenue, Mount Rainier","1/1/2018 - 1/31/2018, Every day, Daily Average",1418,1097,1831
"186","20001, Northwest Washington, Washington","232","5100 Rockwood Parkway Northwest, Northwest Washington, Washington","1/1/2018 - 1/31/2018, Every day, Daily Average",1389,1060,1819
"186","20001, Northwest Washington, Washington","233","600 10th Street Northeast, Northeast Washington, Washington","1/1/2018 - 1/31/2018, Every day, Daily Average",796,579,1094
"186","20001, Northwest Washington, Washington","234","0 Discovery Communications, Discovery Place, Downtown Silver Spring, Silver Spring","1/1/2018 - 1/31/2018, Every day, Daily Average",1862,1485,2333
"186","20001, Northwest Washington, Washington","235","600 Anacostia Avenue Northeast, Northeast Washington, Washington","1/1/2018 - 1/31/2018, Every day, Daily Average",918,644,1307
"186","20001, Northwest Washington, Washington","236","0 Cleveland Avenue, Takoma Park","1/1/2018 - 1/31/2018, Every day, Daily Average",1814,1427,2304
"186","20001, Northwest Washington, Washington","237","1400 Montague Street Northwest, Northwest Washington, Washington","1/1/2018 - 1/31/2018, Every day, Daily Average",1403,1082,1818
"186","20001, Northwest Washington, Washington","238","3100 Erie Street Southeast, Southeast Washington, Washington","1/1/2018 - 1/31/2018, Every day, Daily Average",1192,839,1692
"186","20001, Northwest Washington, Washington","239","5400 30th Street Northwest, Northwest Washington, Washington","1/1/2018 - 1/31/2018, Every day, Daily Average",1553,1229,1961
"186","20001, Northwest Washington, Washington","240","1500 17th Street Northwest, Northwest Washington, Washington","1/1/2018 - 1/31/2018, Every day, Daily Average",493,319,761
"186","20001, Northwest Washington, Washington","241","3900 Massachusetts Avenue Southeast, Southeast Washington, Washington","1/1/2018 - 1/31/2018, Every day, Daily Average",1169,820,1666
"186","20001, Northwest Washington, Washington","242","5400 Duvall Drive, Bethesda","1/1/2018 - 1/31/2018, Every day, Daily Average",1589,1228,2054
"186","20001, Northwest Washington, Washington","243","1400 Anacostia Avenue Northeast, Northeast Washington, Washington","1/1/2018 - 1/31/2018, Every day, Daily Average",1042,721,1505
"186","20001, Northwest Washington, Washington","244","1300 South Hayes Street, Aurora Highlands, Arlington","1/1/2018 - 1/31/2018, Every day, Daily Average",667,462,962
"186","20001, Northwest Washington, Washington","245","3300 M Street Northwest, Northwest Washington, Washington","1/1/2018 - 1/31/2018, Every day, Daily Average",998,711,1399
"186","20001, Northwest Washington, Washington","246","Anacostia Riverwalk Trail, Northeast Washington, Washington","1/1/2018 - 1/31/2018, Every day, Daily Average",1147,824,1594
"186","20001, Northwest Washington, Washington","247","5700 Marlboro Pike, District Heights","1/1/2018 - 1/31/2018, Every day, Daily Average",1506,1092,2076
"186","20001, Northwest Washington, Washington","248","2300 California Street Northwest, Northwest Washington, Washington","1/1/2018 - 1/31/2018, Every day, Daily Average",801,582,1101
"186","20001, Northwest Washington, Washington","249","3400 N Street Southeast, Southeast Washington, Washington","1/1/2018 - 1/31/2018, Every day, Daily Average",998,685,1453
"186","20001, Northwest Washington, Washington","250","3000 Oxon Park Street, Temple Hills","1/1/2018 - 1/31/2018, Every day, Daily Average",1229,855,1765
"186","20001, Northwest Washington, Washington","251","2900 Park Drive Southeast, Southeast Washington, Washington","1/1/2018 - 1/31/2018, Every day, Daily Average",925,620,1379
"186","20001, Northwest Washington, Washington","252","1900 23rd Street Southeast, Southeast Washington, Washington","1/1/2018 - 1/31/2018, Every day, Daily Average",1074,742,1554
"186","20001, Northwest Washington, Washington","253","7200 Arrowhead Drive, Upper Marlboro","1/1/2018 - 1/31/2018, Every day, Daily Average",2015,1494,2715
"186","20001, Northwest Washington, Washington","254","7700 Greentree Road, Bethesda","1/1/2018 - 1/31/2018, Every day, Daily Average",1591,1238,2044
"186","20001, Northwest Washington, Washington","255","4800 Del Ray Avenue, Woodmont Triangle, Bethesda","1/1/2018 - 1/31/2018, Every day, Daily Average",2055,1671,2527
"186","20001, Northwest Washington, Washington","256","6900 Arlington Road, Bethesda","1/1/2018 - 1/31/2018, Every day, Daily Average",1850,1497,2285
"186","20001, Northwest Washington, Washington","257","7700 Wisconsin Avenue, Bethesda","1/1/2018 - 1/31/2018, Every day, Daily Average",1974,1609,2420
"186","20001, Northwest Washington, Washington","259","6600 Peaceful Street, Clinton","1/1/2018 - 1/31/2018, Every day, Daily Average",1870,1398,2500
"186","20001, Northwest Washington, Washington","260","1900 Addison Road South, District Heights","1/1/2018 - 1/31/2018, Every day, Daily Average",1792,1380,2326
"186","20001, Northwest Washington, Washington","261","8400 Temple Hill Road, Temple Hills","1/1/2018 - 1/31/2018, Every day, Daily Average",2232,1623,3068
"186","20001, Northwest Washington, Washington","262","6900 Ames Street, Morningside","1/1/2018 - 1/31/2018, Every day, Daily Average",1495,1081,2067
"186","20001, Northwest Washington, Washington","263","1600 Tucker Road, Fort Washington","1/1/2018 - 1/31/2018, Every day, Daily Average",1574,1088,2276
"186","20001, Northwest Washington, Washington","264","4200 Wandering Court, Temple Hills","1/1/2018 - 1/31/2018, Every day, Daily Average",1410,1007,1972
"186","20001, Northwest Washington, Washington","265","1800 Metzerott Road, Adelphi","1/1/2018 - 1/31/2018, Every day, Daily Average",2166,1691,2772
"186","20001, Northwest Washington, Washington","266","3300 Gumwood Drive, Hyattsville","1/1/2018 - 1/31/2018, Every day, Daily Average",2094,1672,2621
"186","20001, Northwest Washington, Washington","267","3900 Old Silver Hill Road, Suitland, Suitland-Silver Hill","1/1/2018 - 1/31/2018, Every day, Daily Average",1347,950,1908
"186","20001, Northwest Washington, Washington","268","6300 Rosecroft Drive, Fort Washington","1/1/2018 - 1/31/2018, Every day, Daily Average",1619,1176,2227
"186","20001, Northwest Washington, Washington","269","8300 Greensboro Drive, McLean","1/1/2018 - 1/31/2018, Every day, Daily Average",1788,1380,2316
"186","20001, Northwest Washington, Washington","270","5700 Mansfield Drive, Temple Hills","1/1/2018 - 1/31/2018, Every day, Daily Average",1753,1254,2449
"186","20001, Northwest Washington, Washington","271","4900 Essex Avenue, Chevy Chase","1/1/2018 - 1/31/2018, Every day, Daily Average",1762,1404,2209
"186","20001, Northwest Washington, Washington","272","9500 Elvis Lane, Lanham-Seabrook, Goddard","1/1/2018 - 1/31/2018, Every day, Daily Average",2034,1515,2729
"186","20001, Northwest Washington, Washington","273","6800 Asset Drive, Landover, 13, Kent, Prince George's County, Maryland, United States, 20785","1/1/2018 - 1/31/2018, Every day, Daily Average",1972,1472,2641
"186","20001, Northwest Washington, Washington","274","2500 Campus Way North, Bowie","1/1/2018 - 1/31/2018, Every day, Daily Average",1658,1190,2308
"186","20001, Northwest Washington, Washington","275","6200 Surrey Square Lane, District Heights","1/1/2018 - 1/31/2018, Every day, Daily Average",1643,1201,2247
"186","20001, Northwest Washington, Washington","276","6000 Kirby Road, Clinton","1/1/2018 - 1/31/2018, Every day, Daily Average",1843,1325,2561
"186","20001, Northwest Washington, Washington","277","4300 Brookview Terrace, Fort Washington","1/1/2018 - 1/31/2018, Every day, Daily Average",2098,1594,2760
"186","20001, Northwest Washington, Washington","278","4100 31st Street, Mount Rainier","1/1/2018 - 1/31/2018, Every day, Daily Average",1433,1096,1873
"186","20001, Northwest Washington, Washington","279","8800 Colonel Seward Drive, Fort Washington","1/1/2018 - 1/31/2018, Every day, Daily Average",1537,1068,2210
"186","20001, Northwest Washington, Washington","280","5100 Cranmer Way, Capitol Heights","1/1/2018 - 1/31/2018, Every day, Daily Average",1407,1008,1962
"186","20001, Northwest Washington, Washington","281","1600 Brightseat Road, Hyattsville","1/1/2018 - 1/31/2018, Every day, Daily Average",1726,1286,2315
"186","20001, Northwest Washington, Washington","282","6200 Springhill Court, Greenbelt","1/1/2018 - 1/31/2018, Every day, Daily Average",1801,1333,2433
"186","20001, Northwest Washington, Washington","283","5900 Cherrywood Lane, Greenbelt","1/1/2018 - 1/31/2018, Every day, Daily Average",1976,1486,2627
"186","20001, Northwest Washington, Washington","284","4700 Annapolis Road, Bladensburg","1/1/2018 - 1/31/2018, Every day, Daily Average",1463,1066,2007
"186","20001, Northwest Washington, Washington","285","8000 New Hampshire Avenue, Hyattsville","1/1/2018 - 1/31/2018, Every day, Daily Average",1873,1457,2406
"186","20001, Northwest Washington, Washington","286","2400 University Boulevard East, Adelphi","1/1/2018 - 1/31/2018, Every day, Daily Average",1959,1532,2503
"186","20001, Northwest Washington, Washington","287","8100 15th Avenue, Hyattsville","1/1/2018 - 1/31/2018, Every day, Daily Average",1985,1600,2461
"186","20001, Northwest Washington, Washington","288","4500 Harvest Road, Camp Springs","1/1/2018 - 1/31/2018, Every day, Daily Average",1708,1217,2395
"186","20001, Northwest Washington, Washington","289","1400 Farmingdale Avenue, Capitol Heights","1/1/2018 - 1/31/2018, Every day, Daily Average",1424,1007,2011
"186","20001, Northwest Washington, Washington","290","6000 Sargent Road, Chillum","1/1/2018 - 1/31/2018, Every day, Daily Average",1648,1278,2124
"186","20001, Northwest Washington, Washington","291","5800 31st Place, Hyattsville","1/1/2018 - 1/31/2018, Every day, Daily Average",1768,1379,2266
"186","20001, Northwest Washington, Washington","292","8400 Carrollton Parkway, New Carrollton","1/1/2018 - 1/31/2018, Every day, Daily Average",1300,970,1741
"186","20001, Northwest Washington, Washington","293","Baltimore-Washington Parkway, 2, Bladensburg, Prince George's County, Maryland, United States, 20781","1/1/2018 - 1/31/2018, Every day, Daily Average",1116,780,1594
"186","20001, Northwest Washington, Washington","294","5600 64th Avenue, Riverdale, East Riverdale","1/1/2018 - 1/31/2018, Every day, Daily Average",1498,1067,2101
"186","20001, Northwest Washington, Washington","295","4000 Carozza Court, Temple Hills","1/1/2018 - 1/31/2018, Every day, Daily Average",1214,832,1769
"186","20001, Northwest Washington, Washington","296","1700 Ritchie Road, District Heights","1/1/2018 - 1/31/2018, Every day, Daily Average",1955,1486,2570
"186","20001, Northwest Washington, Washington","297","8200 Waterside Court, Fort Washington","1/1/2018 - 1/31/2018, Every day, Daily Average",1192,857,1656
"186","20001, Northwest Washington, Washington","298","6400 61st Place, Riverdale, East Riverdale","1/1/2018 - 1/31/2018, Every day, Daily Average",1535,1092,2156
"186","20001, Northwest Washington, Washington","299","2400 Rosecroft Court, Oxon Hill","1/1/2018 - 1/31/2018, Every day, Daily Average",1728,1271,2348
"186","20001, Northwest Washington, Washington","300","3800 Matthews Drive, Temple Hills","1/1/2018 - 1/31/2018, Every day, Daily Average",1784,1322,2406
"186","20001, Northwest Washington, Washington","301","4900 40th Place, Hyattsville","1/1/2018 - 1/31/2018, Every day, Daily Average",1771,1379,2273
"186","20001, Northwest Washington, Washington","302","Unnamed Road, College Park","1/1/2018 - 1/31/2018, Every day, Daily Average",1938,1453,2584
"186","20001, Northwest Washington, Washington","303","100 Onondaga Drive, Oxon Hill","1/1/2018 - 1/31/2018, Every day, Daily Average",1072,764,1502
"186","20001, Northwest Washington, Washington","304","1800 South Club Drive, Landover, Greater Landover","1/1/2018 - 1/31/2018, Every day, Daily Average",1611,1169,2218
"186","20001, Northwest Washington, Washington","305","2800 Crest Avenue, Hyattsville","1/1/2018 - 1/31/2018, Every day, Daily Average",1155,816,1633
"186","20001, Northwest Washington, Washington","306","3800 Kearney Road, Brentwood","1/1/2018 - 1/31/2018, Every day, Daily Average",1410,1010,1967
"186","20001, Northwest Washington, Washington","307","4600 Greenline Court, Suitland, Camp Springs","1/1/2018 - 1/31/2018, Every day, Daily Average",1542,1107,2147
"186","20001, Northwest Washington, Washington","308","3500 Riviera Street, Temple Hills","1/1/2018 - 1/31/2018, Every day, Daily Average",1727,1268,2351
"186","20001, Northwest Washington, Washington","309","5800 Emack Avenue, Lanham-Seabrook, Lanham, Prince George's County, Maryland, United States, 20706, 4007","1/1/2018 - 1/31/2018, Every day, Daily Average",2031,1505,2740
"186","20001, Northwest Washington, Washington","310","3800 Forestville Road, District Heights","1/1/2018 - 1/31/2018, Every day, Daily Average",1811,1315,2493
"186","20001, Northwest Washington, Washington","311","1100 Valley Drive, College Park","1/1/2018 - 1/31/2018, Every day, Daily Average",1960,1495,2568
"186","20001, Northwest Washington, Washington","312","4200 Suitland Road, Suitland-Silver Hill","1/1/2018 - 1/31/2018, Every day, Daily Average",1313,927,1858
"186","20001, Northwest Washington, Washington","313","3900 Livingston Street, Hyattsville","1/1/2018 - 1/31/2018, Every day, Daily Average",1614,1257,2070
"186","20001, Northwest Washington, Washington","314","4900 Abbott Drive, Marlow Heights","1/1/2018 - 1/31/2018, Every day, Daily Average",1841,1407,2408
"186","20001, Northwest Washington, Washington","315","2400 Brooks Drive, Suitland, Suitland-Silver Hill","1/1/2018 - 1/31/2018, Every day, Daily Average",1524,1101,2108
"186","20001, Northwest Washington, Washington","316","6200 20th Avenue, Hyattsville","1/1/2018 - 1/31/2018, Every day, Daily Average",1675,1305,2148
"186","20001, Northwest Washington, Washington","317","700 Somerset Place, Hyattsville","1/1/2018 - 1/31/2018, Every day, Daily Average",1527,1159,2010
"186","20001, Northwest Washington, Washington","318","6700 Red Top Road, Hyattsville","1/1/2018 - 1/31/2018, Every day, Daily Average",1623,1233,2135
"186","20001, Northwest Washington, Washington","319","1900 Laguna Road, Hyattsville","1/1/2018 - 1/31/2018, Every day, Daily Average",2044,1610,2593
"186","20001, Northwest Washington, Washington","320","2000 Amherst Road, Hyattsville","1/1/2018 - 1/31/2018, Every day, Daily Average",1816,1434,2298
"186","20001, Northwest Washington, Washington","321","4200 Van Buren Street, University Park","1/1/2018 - 1/31/2018, Every day, Daily Average",1909,1475,2469
"186","20001, Northwest Washington, Washington","322","4900 Nicholson Street, Riverdale, Riverdale Park","1/1/2018 - 1/31/2018, Every day, Daily Average",1662,1271,2172
"186","20001, Northwest Washington, Washington","323","Cabiglas Street, Joint Base Andrews","1/1/2018 - 1/31/2018, Every day, Daily Average",1672,1223,2285
"186","20001, Northwest Washington, Washington","324","3100 Bolivia Court, Fort Washington","1/1/2018 - 1/31/2018, Every day, Daily Average",1939,1444,2603
"186","20001, Northwest Washington, Washington","325","8500 Pepco Place, Upper Marlboro","1/1/2018 - 1/31/2018, Every day, Daily Average",1718,1259,2343
"186","20001, Northwest Washington, Washington","326","4900 46th Avenue, Hyattsville","1/1/2018 - 1/31/2018, Every day, Daily Average",1556,1195,2024
"186","20001, Northwest Washington, Washington","327","1000 Stratwood Avenue, Oxon Hill","1/1/2018 - 1/31/2018, Every day, Daily Average",1402,978,2009
"186","20001, Northwest Washington, Washington","328","1700 Tucker Road, Fort Washington","1/1/2018 - 1/31/2018, Every day, Daily Average",1648,1141,2378
"186","20001, Northwest Washington, Washington","329","1300 Fenwood Avenue, Oxon Hill","1/1/2018 - 1/31/2018, Every day, Daily Average",1528,1111,2100
"186","20001, Northwest Washington, Washington","330","8600 Lancaster Drive, Bethesda","1/1/2018 - 1/31/2018, Every day, Daily Average",2069,1657,2582
"186","20001, Northwest Washington, Washington","331","2100 Jameson Street, Temple Hills","1/1/2018 - 1/31/2018, Every day, Daily Average",1616,1174,2224
"186","20001, Northwest Washington, Washington","332","Perrie Lane, Camp Springs","1/1/2018 - 1/31/2018, Every day, Daily Average",1634,1181,2258
"186","20001, Northwest Washington, Washington","333","2000 Hayden Road, Hyattsville","1/1/2018 - 1/31/2018, Every day, Daily Average",1435,1103,1866
"186","20001, Northwest Washington, Washington","334","5900 Fisher Road, Temple Hills","1/1/2018 - 1/31/2018, Every day, Daily Average",1592,1134,2234
"186","20001, Northwest Washington, Washington","335","1500 Southview Drive, Oxon Hill","1/1/2018 - 1/31/2018, Every day, Daily Average",1504,1104,2047
"186","20001, Northwest Washington, Washington","336","2700 Keating Street, Hillcrest Heights","1/1/2018 - 1/31/2018, Every day, Daily Average",1433,1017,2017
"186","20001, Northwest Washington, Washington","337","2500 Eliot Place, Temple Hills","1/1/2018 - 1/31/2018, Every day, Daily Average",1393,982,1974
"186","20001, Northwest Washington, Washington","338","3400 Randall Road, Suitland, Suitland-Silver Hill","1/1/2018 - 1/31/2018, Every day, Daily Average",1441,1033,2009
"186","20001, Northwest Washington, Washington","339","2700 Phelps Avenue, District Heights","1/1/2018 - 1/31/2018, Every day, Daily Average",1917,1425,2577
"186","20001, Northwest Washington, Washington","340","5900 Beech Avenue, Bethesda","1/1/2018 - 1/31/2018, Every day, Daily Average",1678,1384,2033
"186","20001, Northwest Washington, Washington","341","8600 Irvington Avenue, Bradmoor, Bethesda","1/1/2018 - 1/31/2018, Every day, Daily Average",2143,1720,2669
"186","20001, Northwest Washington, Washington","342","6600 Halleck Street, District Heights","1/1/2018 - 1/31/2018, Every day, Daily Average",1707,1274,2286
"186","20001, Northwest Washington, Washington","343","3900 Billings Place, Capitol Heights","1/1/2018 - 1/31/2018, Every day, Daily Average",1258,895,1768
"186","20001, Northwest Washington, Washington","344","5400 Moorland Lane, Bethesda","1/1/2018 - 1/31/2018, Every day, Daily Average",1995,1637,2430
"186","20001, Northwest Washington, Washington","345","8800 Brierly Road, Chevy Chase","1/1/2018 - 1/31/2018, Every day, Daily Average",1980,1581,2479
"186","20001, Northwest Washington, Washington","346","7200 Millwood Court, Bethesda","1/1/2018 - 1/31/2018, Every day, Daily Average",1983,1552,2532
"186","20001, Northwest Washington, Washington","347","7300 Brennon Lane, Chevy Chase","1/1/2018 - 1/31/2018, Every day, Daily Average",1952,1601,2378
"186","20001, Northwest Washington, Washington","348","6900 Ridgewood Avenue, Chevy Chase","1/1/2018 - 1/31/2018, Every day, Daily Average",1806,1447,2253
"186","20001, Northwest Washington, Washington","349","1000 Glacier Avenue, Capitol Heights","1/1/2018 - 1/31/2018, Every day, Daily Average",1541,1147,2069
"186","20001, Northwest Washington, Washington","350","600 Larchmont Avenue, Capitol Heights","1/1/2018 - 1/31/2018, Every day, Daily Average",1673,1294,2162
"186","20001, Northwest Washington, Washington","351","7000 Crail Drive, Bethesda","1/1/2018 - 1/31/2018, Every day, Daily Average",1502,1183,1905
"186","20001, Northwest Washington, Washington","352","5800 Folgate Court, Capitol Heights","1/1/2018 - 1/31/2018, Every day, Daily Average",1755,1358,2267
"186","20001, Northwest Washington, Washington","353","7500 Wildwood Drive, Takoma Park","1/1/2018 - 1/31/2018, Every day, Daily Average",1793,1358,2365
"186","20001, Northwest Washington, Washington","354","200 West Mill Avenue, Pepper Mill Village, Capitol Heights","1/1/2018 - 1/31/2018, Every day, Daily Average",1872,1408,2488
"186","20001, Northwest Washington, Washington","355","900 Browning Avenue, Silver Spring","1/1/2018 - 1/31/2018, Every day, Daily Average",2062,1655,2567
"186","20001, Northwest Washington, Washington","356","0 Montgomery Avenue, Takoma Park","1/1/2018 - 1/31/2018, Every day, Daily Average",1814,1408,2336
"186","20001, Northwest Washington, Washington","357","5900 J Street, Fairmount Heights","1/1/2018 - 1/31/2018, Every day, Daily Average",1581,1134,2202
"186","20001, Northwest Washington, Washington","358","1000 Carrington Avenue, Capitol Heights","1/1/2018 - 1/31/2018, Every day, Daily Average",1870,1377,2539
"186","20001, Northwest Washington, Washington","359","2400 Pinebrook Avenue, Hyattsville","1/1/2018 - 1/31/2018, Every day, Daily Average",1503,1078,2093
"186","20001, Northwest Washington, Washington","360","7700 Burnside Road, Hyattsville","1/1/2018 - 1/31/2018, Every day, Daily Average",1846,1351,2522
"186","20001, Northwest Washington, Washington","361","Park Central Road, Riverdale, Greenbelt","1/1/2018 - 1/31/2018, Every day, Daily Average",1414,1049,1904
"186","20001, Northwest Washington, Washington","362","800 Gregorio Drive, Montgomery Knolls, Silver Spring","1/1/2018 - 1/31/2018, Every day, Daily Average",2208,1662,2932
"186","20001, Northwest Washington, Washington","363","9600 Newbridge Drive, Potomac","1/1/2018 - 1/31/2018, Every day, Daily Average",1958,1526,2511
"186","20001, Northwest Washington, Washington","364","8500 Glenville Road, Takoma Park","1/1/2018 - 1/31/2018, Every day, Daily Average",1999,1532,2607
"186","20001, Northwest Washington, Washington","365","9200 Whitney Street, Silver Spring","1/1/2018 - 1/31/2018, Every day, Daily Average",2280,1782,2915
"186","20001, Northwest Washington, Washington","366","600 Thayer Avenue, Silver Spring","1/1/2018 - 1/31/2018, Every day, Daily Average",1995,1597,2492
"186","20001, Northwest Washington, Washington","367","100 Melbourne Avenue, Silver Spring","1/1/2018 - 1/31/2018, Every day, Daily Average",2310,1844,2892
"186","20001, Northwest Washington, Washington","368","600 Ritchie Avenue, Silver Spring","1/1/2018 - 1/31/2018, Every day, Daily Average",1979,1577,2482
"186","20001, Northwest Washington, Washington","369","2400 Lyttonsville Place, Silver Spring","1/1/2018 - 1/31/2018, Every day, Daily Average",2154,1738,2669
"186","20001, Northwest Washington, Washington","370","2000 Linden Lane, Silver Spring","1/1/2018 - 1/31/2018, Every day, Daily Average",1947,1557,2433
"186","20001, Northwest Washington, Washington","371","600 Cappy Avenue, Capitol Heights","1/1/2018 - 1/31/2018, Every day, Daily Average",1921,1497,2464
"186","20001, Northwest Washington, Washington","372","4200 73rd Avenue, Hyattsville","1/1/2018 - 1/31/2018, Every day, Daily Average",1342,973,1849
"186","20001, Northwest Washington, Washington","373","Lanham-Seabrook, Goddard","1/1/2018 - 1/31/2018, Every day, Daily Average",1951,1467,2593
"186","20001, Northwest Washington, Washington","374","Cobe Road, Goddard","1/1/2018 - 1/31/2018, Every day, Daily Average",1513,1147,1994
"186","20001, Northwest Washington, Washington","375","8600 Cunningham Drive, Berwyn Heights","1/1/2018 - 1/31/2018, Every day, Daily Average",2105,1574,2814
"186","20001, Northwest Washington, Washington","376","8500 Burning Tree Road, Bethesda","1/1/2018 - 1/31/2018, Every day, Daily Average",1612,1251,2075
"186","20001, Northwest Washington, Washington","377","4700 River Road, Riverdale, Riverdale Park","1/1/2018 - 1/31/2018, Every day, Daily Average",1685,1284,2210
"186","20001, Northwest Washington, Washington","378","5600 Newington Road, Bethesda","1/1/2018 - 1/31/2018, Every day, Daily Average",1725,1328,2240
"186","20001, Northwest Washington, Washington","379","4900 Americana Drive, Annandale","1/1/2018 - 1/31/2018, Every day, Daily Average",1505,1097,2064
"186","20001, Northwest Washington, Washington","380","Glenarden Apartment, Glenarden","1/1/2018 - 1/31/2018, Every day, Daily Average",1591,1177,2148
"186","20001, Northwest Washington, Washington","381","3100 Pennsy Drive, Landover, Greater Landover","1/1/2018 - 1/31/2018, Every day, Daily Average",1333,964,1842
"186","20001, Northwest Washington, Washington","382","9500 Lottsford Road, Upper Marlboro","1/1/2018 - 1/31/2018, Every day, Daily Average",1784,1332,2388
"186","20001, Northwest Washington, Washington","383","400 Warfield Drive, Hyattsville","1/1/2018 - 1/31/2018, Every day, Daily Average",1884,1416,2505
"186","20001, Northwest Washington, Washington","384","9000 Byard Court, Springdale","1/1/2018 - 1/31/2018, Every day, Daily Average",1534,1120,2100
"186","20001, Northwest Washington, Washington","385","Harrison Lane, Hyattsville","1/1/2018 - 1/31/2018, Every day, Daily Average",1445,1058,1973
"186","20001, Northwest Washington, Washington","386","6300 Barrs Lane, Lanham-Seabrook, Lanham","1/1/2018 - 1/31/2018, Every day, Daily Average",1876,1402,2508
"186","20001, Northwest Washington, Washington","387","9200 Crandall Road, Lanham-Seabrook, Lanham, Prince George's County, Maryland, United States, 20706, 1931","1/1/2018 - 1/31/2018, Every day, Daily Average",1684,1222,2319
"186","20001, Northwest Washington, Washington","388","7600 Vicar Street, New Carrollton","1/1/2018 - 1/31/2018, Every day, Daily Average",1696,1258,2284
"186","20001, Northwest Washington, Washington","389","7700 Emerson Road, Hyattsville","1/1/2018 - 1/31/2018, Every day, Daily Average",1423,1027,1971
"186","20001, Northwest Washington, Washington","390","7500 Finns Lane, Lanham-Seabrook, 2, Bladensburg, Prince George's County, Maryland, United States, 20706, 1217","1/1/2018 - 1/31/2018, Every day, Daily Average",1605,1208,2131
"186","20001, Northwest Washington, Washington","391","4800 Trenton Road, Hyattsville","1/1/2018 - 1/31/2018, Every day, Daily Average",1169,871,1567
"186","20001, Northwest Washington, Washington","392","6800 Furman Parkway, Riverdale, Woodlawn","1/1/2018 - 1/31/2018, Every day, Daily Average",1224,920,1627
"186","20001, Northwest Washington, Washington","393","6000 Addison Road, Capitol Heights","1/1/2018 - 1/31/2018, Every day, Daily Average",1730,1298,2305
"186","20001, Northwest Washington, Washington","394","8600 22nd Avenue, Hyattsville","1/1/2018 - 1/31/2018, Every day, Daily Average",2155,1695,2739
"186","20001, Northwest Washington, Washington","395","3800 10th Street North, Virginia Square, Arlington","1/1/2018 - 1/31/2018, Every day, Daily Average",1060,787,1427
"186","20001, Northwest Washington, Washington","396","5000 55th Avenue, Hyattsville","1/1/2018 - 1/31/2018, Every day, Daily Average",1653,1190,2296
"186","20001, Northwest Washington, Washington","397","4300 58th Avenue, Bladensburg","1/1/2018 - 1/31/2018, Every day, Daily Average",1535,1028,2291
"186","20001, Northwest Washington, Washington","398","1200 North Stuart Street, Virginia Square, Arlington","1/1/2018 - 1/31/2018, Every day, Daily Average",1063,770,1466
"186","20001, Northwest Washington, Washington","399","3000 Hillside Avenue, Cheverly","1/1/2018 - 1/31/2018, Every day, Daily Average",1300,914,1848
"186","20001, Northwest Washington, Washington","400","6700 Darby Road, Hyattsville","1/1/2018 - 1/31/2018, Every day, Daily Average",1207,873,1668
"186","20001, Northwest Washington, Washington","401","1500 28th Street South, Long Branch Creek, Arlington","1/1/2018 - 1/31/2018, Every day, Daily Average",865,590,1267
"186","20001, Northwest Washington, Washington","402","2600 North Sycamore Street, Williamsburg, Arlington","1/1/2018 - 1/31/2018, Every day, Daily Average",1139,862,1504
"186","20001, Northwest Washington, Washington","403","1800 North Randolph Street, Cherrydale, Arlington","1/1/2018 - 1/31/2018, Every day, Daily Average",852,622,1166
"186","20001, Northwest Washington, Washington","404","2100 North Edison Street, High View Park, Arlington","1/1/2018 - 1/31/2018, Every day, Daily Average",1313,961,1792
"186","20001, Northwest Washington, Washington","405","2100 North Kentucky Street, Tara - Leeway Heights, Arlington","1/1/2018 - 1/31/2018, Every day, Daily Average",1022,754,1384
"186","20001, Northwest Washington, Washington","406","6000 9th Street North, Dominion Hills, Arlington","1/1/2018 - 1/31/2018, Every day, Daily Average",1182,849,1644
"186","20001, Northwest Washington, Washington","407","500 North Piedmont Street, Ashton Heights, Arlington","1/1/2018 - 1/31/2018, Every day, Daily Average",1091,797,1492
"186","20001, Northwest Washington, Washington","408","1800 North Harvard Street, Lyon Village, Arlington","1/1/2018 - 1/31/2018, Every day, Daily Average",981,714,1347
"186","20001, Northwest Washington, Washington","409","300 Riley Street, Falls Church","1/1/2018 - 1/31/2018, Every day, Daily Average",1509,1118,2036
"186","20001, Northwest Washington, Washington","410","1800 North Quesada Street, East Falls Church, Arlington","1/1/2018 - 1/31/2018, Every day, Daily Average",1088,815,1452
"186","20001, Northwest Washington, Washington","411","200 Midvale Street, Falls Church","1/1/2018 - 1/31/2018, Every day, Daily Average",1450,1086,1934
"186","20001, Northwest Washington, Washington","412","600 Jackson Street, Falls Church","1/1/2018 - 1/31/2018, Every day, Daily Average",1622,1218,2159
"186","20001, Northwest Washington, Washington","413","2300 2nd Street South, Penrose, Arlington","1/1/2018 - 1/31/2018, Every day, Daily Average",708,499,1003
"186","20001, Northwest Washington, Washington","414","400 South Fairfax Street, Old Town, Alexandria","1/1/2018 - 1/31/2018, Every day, Daily Average",1135,850,1515
"186","20001, Northwest Washington, Washington","415","3700 Camelot Drive, Annandale","1/1/2018 - 1/31/2018, Every day, Daily Average",1766,1262,2470
"186","20001, Northwest Washington, Washington","416","2900 Woodlawn Avenue, Falls Church","1/1/2018 - 1/31/2018, Every day, Daily Average",1650,1239,2196
"186","20001, Northwest Washington, Washington","417","500 Princess Street, Old Town, Alexandria","1/1/2018 - 1/31/2018, Every day, Daily Average",1000,743,1344
"186","20001, Northwest Washington, Washington","418","2900 Landover Street, Potomac West, Alexandria","1/1/2018 - 1/31/2018, Every day, Daily Average",1111,818,1508
"186","20001, Northwest Washington, Washington","419","3400 Lake Street, Bailey's Crossroads","1/1/2018 - 1/31/2018, Every day, Daily Average",1475,1061,2050
"186","20001, Northwest Washington, Washington","420","7300 Gordons Road, Falls Church","1/1/2018 - 1/31/2018, Every day, Daily Average",1335,1011,1762
"186","20001, Northwest Washington, Washington","421","3400 Blair Road, Falls Church","1/1/2018 - 1/31/2018, Every day, Daily Average",1520,1114,2073
"186","20001, Northwest Washington, Washington","422","Westbranch Drive, Tysons","1/1/2018 - 1/31/2018, Every day, Daily Average",1559,1202,2021
"186","20001, Northwest Washington, Washington","423","500 Triadelphia Way, Alexandria West, Alexandria","1/1/2018 - 1/31/2018, Every day, Daily Average",937,679,1291
"186","20001, Northwest Washington, Washington","424","5900 Mount Eagle Drive, Alexandria","1/1/2018 - 1/31/2018, Every day, Daily Average",1321,1012,1723
"186","20001, Northwest Washington, Washington","425","2300 Senseney Lane, Falls Church","1/1/2018 - 1/31/2018, Every day, Daily Average",1348,1027,1768
"186","20001, Northwest Washington, Washington","426","Mohegan Drive, Falls Church","1/1/2018 - 1/31/2018, Every day, Daily Average",1639,1149,2336
"186","20001, Northwest Washington, Washington","427","6000 Nassau Drive, West Springfield","1/1/2018 - 1/31/2018, Every day, Daily Average",1600,1279,2001
"186","20001, Northwest Washington, Washington","428","5500 16th Street North, Tara - Leeway Heights, Arlington","1/1/2018 - 1/31/2018, Every day, Daily Average",992,733,1341
"186","20001, Northwest Washington, Washington","429","800 North Abingdon Street, Bluemont, Arlington","1/1/2018 - 1/31/2018, Every day, Daily Average",1159,835,1608
"186","20001, Northwest Washington, Washington","430","600 North Harrison Street, Bluemont, Arlington","1/1/2018 - 1/31/2018, Every day, Daily Average",1117,805,1548
"186","20001, Northwest Washington, Washington","431","1800 North Ode Street, North Rosslyn, Arlington","1/1/2018 - 1/31/2018, Every day, Daily Average",864,613,1217
"186","20001, Northwest Washington, Washington","432","4200 2nd Road North, Buckingham, Arlington","1/1/2018 - 1/31/2018, Every day, Daily Average",993,714,1380
"186","20001, Northwest Washington, Washington","433","4400 South Pershing Court, Barcroft, Arlington","1/1/2018 - 1/31/2018, Every day, Daily Average",1084,772,1520
"186","20001, Northwest Washington, Washington","434","500 North Thomas Street, Buckingham, Arlington","1/1/2018 - 1/31/2018, Every day, Daily Average",1108,815,1504
"186","20001, Northwest Washington, Washington","435","800 South Randolph Street, Alcova Heights, Arlington","1/1/2018 - 1/31/2018, Every day, Daily Average",1071,747,1534
"186","20001, Northwest Washington, Washington","436","1300 North Oak Street, Radnor - Fort Myer Heights, Arlington","1/1/2018 - 1/31/2018, Every day, Daily Average",825,567,1198
"186","20001, Northwest Washington, Washington","437","1600 North Queen Street, Radnor - Fort Myer Heights, Arlington","1/1/2018 - 1/31/2018, Every day, Daily Average",744,516,1072
"186","20001, Northwest Washington, Washington","438","5000 12th Street South, Columbia Forest, Arlington","1/1/2018 - 1/31/2018, Every day, Daily Average",1134,789,1629
"186","20001, Northwest Washington, Washington","439","4200 13th Street South, Douglas Park, Arlington","1/1/2018 - 1/31/2018, Every day, Daily Average",1145,786,1665
"186","20001, Northwest Washington, Washington","440","700 22nd Street South, Aurora Highlands, Arlington","1/1/2018 - 1/31/2018, Every day, Daily Average",826,568,1199
"186","20001, Northwest Washington, Washington","441","2200 12th Court North, Court House, Arlington","1/1/2018 - 1/31/2018, Every day, Daily Average",863,613,1214
"186","20001, Northwest Washington, Washington","442","2000 Key Boulevard, Colonial Village, Arlington","1/1/2018 - 1/31/2018, Every day, Daily Average",1000,717,1393
"186","20001, Northwest Washington, Washington","443","2800 11th Street North, Court House, Arlington","1/1/2018 - 1/31/2018, Every day, Daily Average",898,658,1224
"186","20001, Northwest Washington, Washington","444","1500 South Eads Street, Crystal City, Arlington","1/1/2018 - 1/31/2018, Every day, Daily Average",556,374,825
"186","20001, Northwest Washington, Washington","445","4300 29th Street South, Shirlington, Arlington","1/1/2018 - 1/31/2018, Every day, Daily Average",733,519,1035
"186","20001, Northwest Washington, Washington","446","6600 Rock Island Road, Springfield","1/1/2018 - 1/31/2018, Every day, Daily Average",1312,995,1728
"186","20001, Northwest Washington, Washington","447","5400 Charlottesville Road, Springfield","1/1/2018 - 1/31/2018, Every day, Daily Average",1109,817,1503
"186","20001, Northwest Washington, Washington","448","4800 Dodson Drive, Annandale","1/1/2018 - 1/31/2018, Every day, Daily Average",1421,1048,1925
"186","20001, Northwest Washington, Washington","449","Wendell Howard Road, Falls Church","1/1/2018 - 1/31/2018, Every day, Daily Average",1696,1265,2273
"186","20001, Northwest Washington, Washington","450","7100 Oak Ridge Road, Falls Church","1/1/2018 - 1/31/2018, Every day, Daily Average",1707,1281,2273
"186","20001, Northwest Washington, Washington","451","3300 Fallowfield Drive, Falls Church","1/1/2018 - 1/31/2018, Every day, Daily Average",1805,1345,2421
"186","20001, Northwest Washington, Washington","452","3800 Dade Drive, Annandale","1/1/2018 - 1/31/2018, Every day, Daily Average",1628,1226,2160
"186","20001, Northwest Washington, Washington","453","3700 MacGregor Court, Annandale","1/1/2018 - 1/31/2018, Every day, Daily Average",1622,1188,2213
"186","20001, Northwest Washington, Washington","454","3400 Monarch Lane, Annandale","1/1/2018 - 1/31/2018, Every day, Daily Average",1772,1343,2336
"186","20001, Northwest Washington, Washington","455","6000 Brook Drive, Falls Church","1/1/2018 - 1/31/2018, Every day, Daily Average",1315,967,1786
"186","20001, Northwest Washington, Washington","456","3300 Garland Drive, Falls Church","1/1/2018 - 1/31/2018, Every day, Daily Average",1232,861,1761
"186","20001, Northwest Washington, Washington","457","8100 Heatherton Lane, Vienna","1/1/2018 - 1/31/2018, Every day, Daily Average",1488,1126,1965
"186","20001, Northwest Washington, Washington","458","4800 Eisenhower Avenue, Landmark, Alexandria","1/1/2018 - 1/31/2018, Every day, Daily Average",1299,963,1752
"186","20001, Northwest Washington, Washington","459","2300 Fairview Terrace, Alexandria","1/1/2018 - 1/31/2018, Every day, Daily Average",1322,1001,1745
"186","20001, Northwest Washington, Washington","460","3400 South Utah Street, Shirlington, Arlington","1/1/2018 - 1/31/2018, Every day, Daily Average",830,594,1158
"186","20001, Northwest Washington, Washington","461","Archstone Way, Franconia","1/1/2018 - 1/31/2018, Every day, Daily Average",1408,1047,1892
"186","20001, Northwest Washington, Washington","462","Dolley Madison Boulevard, Tysons","1/1/2018 - 1/31/2018, Every day, Daily Average",1397,1088,1793
"186","20001, Northwest Washington, Washington","463","1900 Kennedy Drive, Tysons","1/1/2018 - 1/31/2018, Every day, Daily Average",1554,1180,2046
"186","20001, Northwest Washington, Washington","464","2500 Buckelew Drive, Falls Church","1/1/2018 - 1/31/2018, Every day, Daily Average",1790,1324,2418
"186","20001, Northwest Washington, Washington","465","6100 Mc Lendon Court, Alexandria","1/1/2018 - 1/31/2018, Every day, Daily Average",1476,1106,1968
"186","20001, Northwest Washington, Washington","466","5500 Brookland Road, Alexandria","1/1/2018 - 1/31/2018, Every day, Daily Average",1538,1146,2063
"186","20001, Northwest Washington, Washington","467","Franconia-Springfield Parkway, Alexandria","1/1/2018 - 1/31/2018, Every day, Daily Average",1491,1145,1940
"186","20001, Northwest Washington, Washington","468","6000 Woodlake Lane, Alexandria","1/1/2018 - 1/31/2018, Every day, Daily Average",1569,1218,2020
"186","20001, Northwest Washington, Washington","469","3400 Austin Court, Groveton, Alexandria","1/1/2018 - 1/31/2018, Every day, Daily Average",1659,1246,2208
"186","20001, Northwest Washington, Washington","470","300 North Kenmore Street, Ashton Heights, Arlington","1/1/2018 - 1/31/2018, Every day, Daily Average",923,668,1273
"186","20001, Northwest Washington, Washington","471","5700 4th Street South, Glencarlyn, Arlington","1/1/2018 - 1/31/2018, Every day, Daily Average",1141,815,1596
"186","20001, Northwest Washington, Washington","472","0 8th Street South, Arlington Heights, Arlington","1/1/2018 - 1/31/2018, Every day, Daily Average",574,391,841
"186","20001, Northwest Washington, Washington","473","3700 16th Street South, Douglas Park, Arlington","1/1/2018 - 1/31/2018, Every day, Daily Average",995,692,1430
"186","20001, Northwest Washington, Washington","474","3300 Groveton Street, Groveton, Alexandria","1/1/2018 - 1/31/2018, Every day, Daily Average",1577,1214,2047
"186","20001, Northwest Washington, Washington","475","5000 8th Road South, Arlington Mill, Arlington","1/1/2018 - 1/31/2018, Every day, Daily Average",1287,906,1826
"186","20001, Northwest Washington, Washington","476","Four Mile Run Trail, Claremont, Arlington","1/1/2018 - 1/31/2018, Every day, Daily Average",995,701,1410
"186","20001, Northwest Washington, Washington","477","6800 Churchill Road, McLean","1/1/2018 - 1/31/2018, Every day, Daily Average",1481,1128,1943
"186","20001, Northwest Washington, Washington","478","6800 Custis Parkway, Falls Church","1/1/2018 - 1/31/2018, Every day, Daily Average",1476,1108,1965
"186","20001, Northwest Washington, Washington","479","2200 Shirlington Road, Nauck, Arlington","1/1/2018 - 1/31/2018, Every day, Daily Average",648,448,935
"186","20001, Northwest Washington, Washington","480","1400 South Barton Street, Columbia Heights, Arlington","1/1/2018 - 1/31/2018, Every day, Daily Average",867,597,1257
"186","20001, Northwest Washington, Washington","481","2800 South Buchanan Street, Shirlington, Arlington","1/1/2018 - 1/31/2018, Every day, Daily Average",765,542,1079
"186","20001, Northwest Washington, Washington","482","1000 Hardee Place, Seminary Hill, Alexandria","1/1/2018 - 1/31/2018, Every day, Daily Average",1115,830,1497
"186","20001, Northwest Washington, Washington","483","2100 Haycock Road, Falls Church","1/1/2018 - 1/31/2018, Every day, Daily Average",1166,889,1528
"186","20001, Northwest Washington, Washington","484","3900 Mount Vernon Avenue, Potomac West, Alexandria","1/1/2018 - 1/31/2018, Every day, Daily Average",932,665,1304
"186","20001, Northwest Washington, Washington","485","5500 Seminary Road, Falls Church","1/1/2018 - 1/31/2018, Every day, Daily Average",1198,838,1711
"186","20001, Northwest Washington, Washington","486","7600 Wood Mist Lane, Falls Church","1/1/2018 - 1/31/2018, Every day, Daily Average",1906,1384,2622
"186","20001, Northwest Washington, Washington","487","300 East Mount Ida Avenue, Potomac West, Alexandria","1/1/2018 - 1/31/2018, Every day, Daily Average",1089,810,1463
"186","20001, Northwest Washington, Washington","488","1200 Key Drive, Taylor Run, Alexandria","1/1/2018 - 1/31/2018, Every day, Daily Average",1159,831,1615
"186","20001, Northwest Washington, Washington","489","1200 Quaker Hill Drive, Taylor Run, Alexandria","1/1/2018 - 1/31/2018, Every day, Daily Average",1380,1023,1860
"186","20001, Northwest Washington, Washington","490","3100 Holmes Run Road, Falls Church","1/1/2018 - 1/31/2018, Every day, Daily Average",1444,1083,1924
"186","20001, Northwest Washington, Washington","491","6800 Donahue Court, Falls Church","1/1/2018 - 1/31/2018, Every day, Daily Average",1563,1168,2091
"186","20001, Northwest Washington, Washington","492","0 East Mason Avenue, Potomac West, Alexandria","1/1/2018 - 1/31/2018, Every day, Daily Average",1185,899,1560
"186","20001, Northwest Washington, Washington","493","3300 Rose Lane, Falls Church","1/1/2018 - 1/31/2018, Every day, Daily Average",1687,1358,2095
"186","20001, Northwest Washington, Washington","494","5800 Aspen Wood Court, McLean","1/1/2018 - 1/31/2018, Every day, Daily Average",1019,778,1334
"186","20001, Northwest Washington, Washington","495","2200 Emmett Drive, Alexandria","1/1/2018 - 1/31/2018, Every day, Daily Average",1463,1123,1904
"186","20001, Northwest Washington, Washington","496","4000 Thornton Street, Annandale","1/1/2018 - 1/31/2018, Every day, Daily Average",1545,1176,2028
"186","20001, Northwest Washington, Washington","497","400 Commonwealth Avenue, Potomac West, Alexandria","1/1/2018 - 1/31/2018, Every day, Daily Average",1265,945,1692
"186","20001, Northwest Washington, Washington","498","200 South Reynolds Street, Landmark, Alexandria","1/1/2018 - 1/31/2018, Every day, Daily Average",1192,876,1621
"186","20001, Northwest Washington, Washington","499","200 Yoakum Parkway, Landmark, Alexandria","1/1/2018 - 1/31/2018, Every day, Daily Average",1309,921,1858
"186","20001, Northwest Washington, Washington","500","2000 Eisenhower Avenue, Eisenhower East, Alexandria","1/1/2018 - 1/31/2018, Every day, Daily Average",1283,976,1684
"186","20001, Northwest Washington, Washington","501","4900 Brenman Park Drive, Landmark, Alexandria","1/1/2018 - 1/31/2018, Every day, Daily Average",1275,974,1667
"186","20001, Northwest Washington, Washington","502","800 South Payne Street, Southwest Quadrant, Alexandria","1/1/2018 - 1/31/2018, Every day, Daily Average",1164,882,1534
"186","20001, Northwest Washington, Washington","503","3300 Old Dominion Boulevard, North Ridge, Alexandria","1/1/2018 - 1/31/2018, Every day, Daily Average",1034,751,1423
"186","20001, Northwest Washington, Washington","504","1200 Mount Vernon Trail, Alexandria","1/1/2018 - 1/31/2018, Every day, Daily Average",1332,1019,1740
"186","20001, Northwest Washington, Washington","505","6500 Ashlawn Court, Springfield","1/1/2018 - 1/31/2018, Every day, Daily Average",1231,906,1672
"186","20001, Northwest Washington, Washington","506","4600 Upland Drive, Alexandria","1/1/2018 - 1/31/2018, Every day, Daily Average",1485,1123,1962
"186","20001, Northwest Washington, Washington","507","6100 Bayliss Place, Groveton, Alexandria","1/1/2018 - 1/31/2018, Every day, Daily Average",1479,1144,1910
"186","20001, Northwest Washington, Washington","508","2200 Journet Drive, Dunn Loring","1/1/2018 - 1/31/2018, Every day, Daily Average",1731,1320,2269
"186","20001, Northwest Washington, Washington","509","2900 Bridgehampton Court, Falls Church","1/1/2018 - 1/31/2018, Every day, Daily Average",1837,1353,2493
"186","20001, Northwest Washington, Washington","510","1900 Byrd Road, Vienna","1/1/2018 - 1/31/2018, Every day, Daily Average",1816,1409,2339
"186","20001, Northwest Washington, Washington","511","6100 Willston Drive, Seven Corners","1/1/2018 - 1/31/2018, Every day, Daily Average",1298,952,1769
"186","20001, Northwest Washington, Washington","512","4600 19th Road North, Waverly Hills, Arlington","1/1/2018 - 1/31/2018, Every day, Daily Average",939,686,1284
"186","20001, Northwest Washington, Washington","513","1100 South Arlington Ridge Road, Arlington Ridge, Arlington","1/1/2018 - 1/31/2018, Every day, Daily Average",769,519,1138
"186","20001, Northwest Washington, Washington","514","5200 Yorktown Boulevard, Yorktown, Arlington","1/1/2018 - 1/31/2018, Every day, Daily Average",1358,1017,1812
"186","20001, Northwest Washington, Washington","515","1400 North Taft Street, Radnor - Fort Myer Heights, Arlington","1/1/2018 - 1/31/2018, Every day, Daily Average",802,564,1140
"186","20001, Northwest Washington, Washington","516","2700 South Ives Street, Arlington Ridge, Arlington","1/1/2018 - 1/31/2018, Every day, Daily Average",831,554,1245
"186","20001, Northwest Washington, Washington","517","5000 Domain Place, Alexandria West, Alexandria","1/1/2018 - 1/31/2018, Every day, Daily Average",847,600,1195
"186","20001, Northwest Washington, Washington","518","4200 Vacation Lane, Donaldson Run, Arlington","1/1/2018 - 1/31/2018, Every day, Daily Average",832,595,1162
"186","20001, Northwest Washington, Washington","519","6500 Haystack Road, Alexandria","1/1/2018 - 1/31/2018, Every day, Daily Average",1774,1359,2315
"186","20001, Northwest Washington, Washington","520","6400 Lily Dhu Lane, Falls Church","1/1/2018 - 1/31/2018, Every day, Daily Average",1702,1309,2212
"186","20001, Northwest Washington, Washington","521","7300 Hooking Road, McLean","1/1/2018 - 1/31/2018, Every day, Daily Average",1612,1236,2101
"186","20001, Northwest Washington, Washington","522","3100 Juniper Lane, Falls Church","1/1/2018 - 1/31/2018, Every day, Daily Average",1578,1210,2056
"186","20001, Northwest Washington, Washington","523","4300 Roberts Avenue, Annandale","1/1/2018 - 1/31/2018, Every day, Daily Average",1390,1035,1866
"186","20001, Northwest Washington, Washington","524","4500 Weyburn Drive, Annandale","1/1/2018 - 1/31/2018, Every day, Daily Average",1400,1054,1859
"186","20001, Northwest Washington, Washington","525","5400 Backlick Woods Court, Springfield","1/1/2018 - 1/31/2018, Every day, Daily Average",1284,960,1717
"186","20001, Northwest Washington, Washington","526","4100 Wilson Boulevard, Virginia Square, Arlington","1/1/2018 - 1/31/2018, Every day, Daily Average",1137,862,1498
"186","20001, Northwest Washington, Washington","527","6200 Blossom Lane, Alexandria","1/1/2018 - 1/31/2018, Every day, Daily Average",1522,1176,1969
"186","20001, Northwest Washington, Washington","528","5400 Summer Leaf Lane, Alexandria","1/1/2018 - 1/31/2018, Every day, Daily Average",1044,765,1423
"186","20001, Northwest Washington, Washington","529","5800 Oakview Gardens Drive, Bailey's Crossroads","1/1/2018 - 1/31/2018, Every day, Daily Average",1416,1005,1994
"186","20001, Northwest Washington, Washington","530","6900 Trillium Lane, West Springfield","1/1/2018 - 1/31/2018, Every day, Daily Average",1553,1168,2064
"186","20001, Northwest Washington, Washington","531","Morven Lane, Alexandria West, Alexandria","1/1/2018 - 1/31/2018, Every day, Daily Average",801,571,1121
"186","20001, Northwest Washington, Washington","532","6700 Rosewood Street, Annandale","1/1/2018 - 1/31/2018, Every day, Daily Average",1646,1244,2177
"186","20001, Northwest Washington, Washington","533","1600 Davidson Road, McLean","1/1/2018 - 1/31/2018, Every day, Daily Average",1682,1274,2219
"186","20001, Northwest Washington, Washington","534","2100 Greenwich Street, Falls Church","1/1/2018 - 1/31/2018, Every day, Daily Average",1214,936,1574
"186","20001, Northwest Washington, Washington","535","7600 Long Pine Drive, Springfield","1/1/2018 - 1/31/2018, Every day, Daily Average",1492,1015,2191
"186","20001, Northwest Washington, Washington","536","6000 Backlick Road, Springfield","1/1/2018 - 1/31/2018, Every day, Daily Average",1197,885,1618
"186","20001, Northwest Washington, Washington","537","1000 Colonial Farm Road, McLean","1/1/2018 - 1/31/2018, Every day, Daily Average",1140,907,1432
"186","20001, Northwest Washington, Washington","538","300 South Whiting Street, Landmark, Alexandria","1/1/2018 - 1/31/2018, Every day, Daily Average",1093,783,1525
"186","20001, Northwest Washington, Washington","539","8600 Westwood Center Drive, Vienna","1/1/2018 - 1/31/2018, Every day, Daily Average",1638,1250,2146
"186","20001, Northwest Washington, Washington","540","6600 Hazel Lane, McLean","1/1/2018 - 1/31/2018, Every day, Daily Average",1640,1233,2180
"186","20001, Northwest Washington, Washington","541","2500 Washington Boulevard, Lyon Park, Arlington","1/1/2018 - 1/31/2018, Every day, Daily Average",805,576,1124
"186","20001, Northwest Washington, Washington","542","1300 Potomac School Road, McLean","1/1/2018 - 1/31/2018, Every day, Daily Average",1306,987,1728
"186","20001, Northwest Washington, Washington","543","3000 Eisenhower Avenue, Eisenhower West, Alexandria","1/1/2018 - 1/31/2018, Every day, Daily Average",1388,1045,1843
"186","20001, Northwest Washington, Washington","544","5400 Inverchapel Road, Springfield","1/1/2018 - 1/31/2018, Every day, Daily Average",1459,1078,1973
"186","20001, Northwest Washington, Washington","545","1900 Storm Drive, Falls Church","1/1/2018 - 1/31/2018, Every day, Daily Average",1296,1011,1659
"186","20001, Northwest Washington, Washington","546","Moore Lane, Fort Myer, Arlington","1/1/2018 - 1/31/2018, Every day, Daily Average",653,467,912
"186","20001, Northwest Washington, Washington","547","600 North Owen Street, Seminary Hill, Alexandria","1/1/2018 - 1/31/2018, Every day, Daily Average",936,660,1326
"186","20001, Northwest Washington, Washington","548","1600 Preston Road, North Ridge, Alexandria","1/1/2018 - 1/31/2018, Every day, Daily Average",706,495,1006
"186","20001, Northwest Washington, Washington","549","300 North Van Dorn Street, Landmark, Alexandria","1/1/2018 - 1/31/2018, Every day, Daily Average",1103,776,1566
"186","20001, Northwest Washington, Washington","550","4300 Raleigh Avenue, Seminary Hill, Alexandria","1/1/2018 - 1/31/2018, Every day, Daily Average",1196,877,1629
"186","20001, Northwest Washington, Washington","551","4700 Kenmore Avenue, Seminary Hill, Alexandria","1/1/2018 - 1/31/2018, Every day, Daily Average",874,619,1233
"186","20001, Northwest Washington, Washington","552","5700 Reading Avenue, Alexandria West, Alexandria","1/1/2018 - 1/31/2018, Every day, Daily Average",1100,784,1543
"186","20001, Northwest Washington, Washington","553","4900 Seminary Road, Alexandria West, Alexandria","1/1/2018 - 1/31/2018, Every day, Daily Average",836,599,1166
"186","20001, Northwest Washington, Washington","554","1300 North Beauregard Street, Alexandria West, Alexandria","1/1/2018 - 1/31/2018, Every day, Daily Average",870,627,1205
"186","20001, Northwest Washington, Washington","555","5900 Atteentee Road, Springfield","1/1/2018 - 1/31/2018, Every day, Daily Average",1337,1020,1752
"186","20001, Northwest Washington, Washington","556","7800 Montvale Way, McLean","1/1/2018 - 1/31/2018, Every day, Daily Average",1488,1170,1891
"186","20001, Northwest Washington, Washington","557","8400 Fenwood Drive, West Springfield","1/1/2018 - 1/31/2018, Every day, Daily Average",1447,1113,1879
"186","20001, Northwest Washington, Washington","558","4000 Wheeler Avenue, Seminary Hill, Alexandria","1/1/2018 - 1/31/2018, Every day, Daily Average",1379,1032,1841